benchmark;environment;processed_gc_log_file_count;stw_pause_count;total_stw_ms;stw_overhead_percent;steady_state_start_s;steady_state_end_s;steady_state_wall_clock_span_ms;iteration_total_duration_ms;min_gc_uptime_s_in_steady_state_window;max_gc_uptime_s_in_steady_state_window;category_pause_cleanup_count;category_pause_cleanup_ms;category_pause_mark_end_count;category_pause_mark_end_ms;category_pause_mark_start_count;category_pause_mark_start_ms;category_pause_relocate_start_count;category_pause_relocate_start_ms;category_pause_remark_count;category_pause_remark_ms;category_pause_young_count;category_pause_young_ms
akka-uct;G1GC-Java-21;6;41;5177.575000;1.668715;306.106214745;616.388414419;310282.199674;310273.183870;446.166000;615.610000;0;0.000000;0;0.000000;0;0.000000;0;0.000000;0;0.000000;41;5177.575000
akka-uct;G1GC-Java-25;6;40;5124.295000;1.688350;308.104605599;611.621932775;303517.327176;303508.994546;433.857000;609.585000;0;0.000000;0;0.000000;0;0.000000;0;0.000000;0;0.000000;40;5124.295000
akka-uct;ZGC-Java-21;6;27;0.774000;0.000247;308.227544107;621.079524821;312851.980714;312841.917750;603.409000;621.059000;0;0.000000;9;0.171000;9;0.343000;9;0.260000;0;0.000000;0;0.000000
akka-uct;ZGC-Java-25;6;32;1.010000;0.000319;302.050611513;619.011908583;316961.297070;316951.059083;597.713000;618.722000;0;0.000000;11;0.229000;10;0.493000;11;0.288000;0;0.000000;0;0.000000
als;G1GC-Java-21;6;41;2263.569000;0.735930;300.377130798;615.113712353;314736.581555;307579.573531;385.069000;613.100000;0;0.000000;0;0.000000;0;0.000000;0;0.000000;0;0.000000;41;2263.569000
als;G1GC-Java-25;6;26;2280.829000;0.740026;301.057457455;615.674668689;314617.211234;308209.477054;310.280000;611.060000;0;0.000000;0;0.000000;0;0.000000;0;0.000000;0;0.000000;26;2280.829000
als;ZGC-Java-21;6;14;0.328000;0.000107;301.470738672;614.259142266;312788.403594;305484.172644;574.007000;607.712000;0;0.000000;5;0.081000;4;0.140000;5;0.107000;0;0.000000;0;0.000000
als;ZGC-Java-25;6;20;0.520000;0.000171;302.225777029;614.104670806;311878.893777;304505.093090;562.455000;613.779000;0;0.000000;7;0.110000;6;0.257000;7;0.153000;0;0.000000;0;0.000000
chi-square;G1GC-Java-21;6;39;1906.774000;0.617298;300.117566014;609.038367657;308920.801643;308890.414200;492.470000;608.963000;1;10.307000;0;0.000000;0;0.000000;0;0.000000;1;54.351000;37;1842.116000
chi-square;G1GC-Java-25;6;34;1800.417000;0.582801;300.445439306;609.398896678;308953.457372;308925.023683;528.116000;607.123000;0;0.000000;0;0.000000;0;0.000000;0;0.000000;0;0.000000;34;1800.417000
chi-square;ZGC-Java-21;6;9;0.177000;0.000057;300.238715415;609.316301361;309077.585946;309044.956342;596.724000;605.763000;0;0.000000;3;0.055000;3;0.062000;3;0.060000;0;0.000000;0;0.000000
chi-square;ZGC-Java-25;6;9;0.217000;0.000070;300.439542693;609.304961724;308865.419031;308834.179320;602.371000;609.262000;0;0.000000;3;0.050000;3;0.106000;3;0.061000;0;0.000000;0;0.000000
db-shootout;G1GC-Java-21;6;39;1958.460000;0.609648;300.530673151;621.791756466;321261.083315;321244.158646;483.344000;617.722000;0;0.000000;0;0.000000;0;0.000000;0;0.000000;0;0.000000;39;1958.460000
db-shootout;G1GC-Java-25;6;37;1860.941000;0.591274;304.164494423;618.914972107;314750.477684;314734.263654;500.831000;618.726000;0;0.000000;0;0.000000;0;0.000000;0;0.000000;0;0.000000;37;1860.941000
db-shootout;ZGC-Java-21;6;24;0.646000;0.000202;300.523845974;620.398869939;319875.023965;319853.643398;608.128000;620.052000;0;0.000000;8;0.139000;8;0.292000;8;0.215000;0;0.000000;0;0.000000
db-shootout;ZGC-Java-25;6;17;0.618000;0.000196;304.534270286;619.191595162;314657.324876;314634.106061;611.180000;618.921000;0;0.000000;6;0.123000;5;0.289000;6;0.206000;0;0.000000;0;0.000000
dec-tree;G1GC-Java-21;6;32;2010.939000;0.649964;300.389921111;609.817004266;309427.083155;309392.433014;457.735000;607.407000;0;0.000000;0;0.000000;0;0.000000;0;0.000000;0;0.000000;32;2010.939000
dec-tree;G1GC-Java-25;6;32;2064.135000;0.669298;300.603550841;609.040081250;308436.530409;308402.801112;419.011000;604.149000;0;0.000000;0;0.000000;0;0.000000;0;0.000000;0;0.000000;32;2064.135000
dec-tree;ZGC-Java-21;6;11;0.232000;0.000075;300.508308716;609.137405248;308629.096532;308592.477546;591.550000;606.590000;0;0.000000;4;0.067000;3;0.083000;4;0.082000;0;0.000000;0;0.000000
dec-tree;ZGC-Java-25;6;8;0.167000;0.000054;300.034294607;609.717332094;309683.037487;309647.533333;594.708000;606.639000;0;0.000000;3;0.055000;2;0.059000;3;0.053000;0;0.000000;0;0.000000
dotty;G1GC-Java-21;6;4;989.352000;0.602012;300.916152105;603.436587719;302520.435614;164340.900338;319.955000;543.339000;0;0.000000;0;0.000000;0;0.000000;0;0.000000;0;0.000000;4;989.352000
dotty;G1GC-Java-25;6;4;3087.956000;1.889113;300.242422945;604.206419299;303963.996354;163460.615570;330.102000;555.107000;0;0.000000;0;0.000000;0;0.000000;0;0.000000;0;0.000000;4;3087.956000
dotty;ZGC-Java-21;6;19;0.472000;0.000274;301.428206669;603.555271000;302127.064331;172348.800328;419.563000;577.053000;0;0.000000;8;0.138000;3;0.124000;8;0.210000;0;0.000000;0;0.000000
dotty;ZGC-Java-25;6;15;0.437000;0.000254;300.101605805;603.703876467;303602.270662;172034.899211;466.125000;590.626000;0;0.000000;6;0.101000;3;0.145000;6;0.191000;0;0.000000;0;0.000000
finagle-chirper;G1GC-Java-21;6;21;1175.529000;0.386183;301.435089549;606.428649575;304993.560026;304396.744225;371.612000;605.895000;0;0.000000;0;0.000000;0;0.000000;0;0.000000;0;0.000000;21;1175.529000
finagle-chirper;G1GC-Java-25;6;18;1021.972000;0.334031;300.917958192;607.603180136;306685.221944;305951.443383;430.041000;597.016000;1;8.732000;0;0.000000;0;0.000000;0;0.000000;1;17.755000;16;995.485000
finagle-chirper;ZGC-Java-21;6;11;0.318000;0.000104;300.346836857;607.933492606;307586.655749;307000.364069;564.147000;601.645000;0;0.000000;4;0.103000;3;0.120000;4;0.095000;0;0.000000;0;0.000000
finagle-chirper;ZGC-Java-25;6;11;0.346000;0.000113;301.372661837;608.419520407;307046.858570;306418.353422;563.156000;601.142000;0;0.000000;4;0.096000;3;0.136000;4;0.114000;0;0.000000;0;0.000000
finagle-http;G1GC-Java-21;6;29;1480.207000;0.478671;301.735259336;611.078555121;309343.295785;309232.825167;308.440000;602.169000;1;10.452000;0;0.000000;0;0.000000;0;0.000000;1;54.202000;27;1415.553000
finagle-http;G1GC-Java-25;6;26;1314.734000;0.428100;300.360248972;607.557304499;307197.055527;307108.969797;308.170000;596.970000;0;0.000000;0;0.000000;0;0.000000;0;0.000000;0;0.000000;26;1314.734000
finagle-http;ZGC-Java-21;6;17;0.496000;0.000161;300.936072382;608.358933049;307422.860667;307341.304635;557.038000;602.497000;0;0.000000;6;0.115000;5;0.219000;6;0.162000;0;0.000000;0;0.000000
finagle-http;ZGC-Java-25;6;11;0.400000;0.000131;302.606372601;607.496396759;304890.024158;304806.734642;570.734000;598.580000;0;0.000000;4;0.085000;3;0.174000;4;0.141000;0;0.000000;0;0.000000
fj-kmeans;G1GC-Java-21;6;41;2041.998000;0.673089;303.546137829;606.975821134;303429.683305;303377.199518;450.113000;604.668000;0;0.000000;0;0.000000;0;0.000000;0;0.000000;0;0.000000;41;2041.998000
fj-kmeans;G1GC-Java-25;6;38;1896.210000;0.626709;302.504911143;605.120376376;302615.465233;302566.342187;470.384000;602.934000;0;0.000000;0;0.000000;0;0.000000;0;0.000000;0;0.000000;38;1896.210000
fj-kmeans;ZGC-Java-21;6;15;0.419000;0.000136;302.173852823;610.717397784;308543.544961;308490.495530;593.559000;609.407000;0;0.000000;5;0.099000;5;0.202000;5;0.118000;0;0.000000;0;0.000000
fj-kmeans;ZGC-Java-25;6;18;0.549000;0.000180;300.966996181;605.954563547;304987.567366;304928.446676;589.038000;605.087000;0;0.000000;6;0.115000;6;0.272000;6;0.162000;0;0.000000;0;0.000000
future-genetic;G1GC-Java-21;6;22;807.108000;0.267076;301.548807589;603.782540551;302233.732962;302201.654961;307.558000;594.780000;0;0.000000;0;0.000000;0;0.000000;0;0.000000;0;0.000000;22;807.108000
future-genetic;G1GC-Java-25;6;23;932.401000;0.308005;301.146535869;603.904405988;302757.870119;302722.942087;306.220000;594.733000;0;0.000000;0;0.000000;0;0.000000;0;0.000000;0;0.000000;23;932.401000
future-genetic;ZGC-Java-21;6;30;0.855000;0.000282;300.582921608;603.288370563;302705.448955;302672.347853;552.116000;599.869000;0;0.000000;12;0.205000;6;0.280000;12;0.370000;0;0.000000;0;0.000000
future-genetic;ZGC-Java-25;6;30;0.829000;0.000273;301.334181884;604.559054010;303224.872126;303187.012092;556.644000;603.692000;0;0.000000;12;0.200000;6;0.249000;12;0.380000;0;0.000000;0;0.000000
gauss-mix;G1GC-Java-21;6;26;1773.022000;0.566901;306.007760643;618.769904082;312762.143439;312756.952662;494.165000;618.300000;0;0.000000;0;0.000000;0;0.000000;0;0.000000;0;0.000000;26;1773.022000
gauss-mix;G1GC-Java-25;6;23;1547.218000;0.486548;302.066296842;620.070547195;318004.250353;317999.334231;504.274000;616.369000;0;0.000000;0;0.000000;0;0.000000;0;0.000000;0;0.000000;23;1547.218000
gauss-mix;ZGC-Java-21;6;8;0.134000;0.000043;304.546412355;614.419423787;309873.011432;309867.299731;601.611000;611.160000;0;0.000000;3;0.040000;2;0.050000;3;0.044000;0;0.000000;0;0.000000
gauss-mix;ZGC-Java-25;6;8;0.175000;0.000055;303.790362191;621.859148898;318068.786707;318063.340811;610.027000;618.747000;0;0.000000;3;0.048000;2;0.070000;3;0.057000;0;0.000000;0;0.000000
log-regression;G1GC-Java-21;6;28;2127.932000;0.688038;300.910145638;610.236853724;309326.708086;309275.307419;513.460000;609.023000;1;10.551000;0;0.000000;0;0.000000;0;0.000000;1;60.301000;26;2057.080000
log-regression;G1GC-Java-25;6;20;1608.544000;0.519949;300.105002979;609.525296542;309420.293563;309365.570305;513.213000;606.390000;0;0.000000;0;0.000000;0;0.000000;0;0.000000;0;0.000000;20;1608.544000
log-regression;ZGC-Java-21;6;15;0.341000;0.000110;301.000200094;609.960981788;308960.781694;308902.636342;597.953000;608.472000;0;0.000000;5;0.075000;5;0.171000;5;0.095000;0;0.000000;0;0.000000
log-regression;ZGC-Java-25;6;0;0.000000;0.000000;300.602179786;616.108106553;315505.926767;315442.555796;;;0;0.000000;0;0.000000;0;0.000000;0;0.000000;0;0.000000;0;0.000000
mnemonics;G1GC-Java-21;6;44;1777.231000;0.630523;301.439634087;607.079574981;305639.940894;281866.182456;399.838000;603.388000;0;0.000000;0;0.000000;0;0.000000;0;0.000000;0;0.000000;44;1777.231000
mnemonics;G1GC-Java-25;6;44;1767.904000;0.630585;303.151955817;607.082513236;303930.557419;280359.374939;389.595000;606.438000;0;0.000000;0;0.000000;0;0.000000;0;0.000000;0;0.000000;44;1767.904000
mnemonics;ZGC-Java-21;6;19;0.481000;0.000171;301.061441750;605.639656314;304578.214564;281279.555078;583.898000;600.629000;0;0.000000;7;0.104000;5;0.178000;7;0.199000;0;0.000000;0;0.000000
mnemonics;ZGC-Java-25;6;24;0.567000;0.000200;302.217984460;607.875487203;305657.502743;283634.446491;586.054000;607.476000;0;0.000000;9;0.137000;6;0.200000;9;0.230000;0;0.000000;0;0.000000
movie-lens;G1GC-Java-21;6;34;1963.426000;0.592903;301.015596173;632.173537173;331157.941000;331154.431194;515.312000;630.000000;0;0.000000;0;0.000000;0;0.000000;0;0.000000;0;0.000000;34;1963.426000
movie-lens;G1GC-Java-25;6;32;1650.026000;0.504502;307.214733501;634.278675020;327063.941519;327060.543483;544.100000;632.194000;0;0.000000;0;0.000000;0;0.000000;0;0.000000;0;0.000000;32;1650.026000
movie-lens;ZGC-Java-21;6;20;0.424000;0.000131;307.068104580;629.712931286;322644.826706;322641.801244;610.369000;628.975000;0;0.000000;7;0.114000;6;0.180000;7;0.130000;0;0.000000;0;0.000000
movie-lens;ZGC-Java-25;6;17;0.482000;0.000147;303.032534035;631.893022724;328860.488689;328857.243520;616.172000;631.670000;0;0.000000;6;0.114000;5;0.224000;6;0.144000;0;0.000000;0;0.000000
naive-bayes;G1GC-Java-21;6;37;2475.140000;0.796207;300.297198218;611.246172107;310948.973889;310866.269024;574.056000;611.237000;0;0.000000;0;0.000000;0;0.000000;0;0.000000;0;0.000000;37;2475.140000
naive-bayes;G1GC-Java-25;6;37;2518.474000;0.813233;300.555693293;610.264873485;309709.180192;309686.658774;568.976000;609.833000;0;0.000000;0;0.000000;0;0.000000;0;0.000000;0;0.000000;37;2518.474000
naive-bayes;ZGC-Java-21;6;20;0.573000;0.000184;301.376099381;612.251783367;310875.683986;310851.777473;607.111000;612.213000;0;0.000000;7;0.126000;6;0.266000;7;0.181000;0;0.000000;0;0.000000
naive-bayes;ZGC-Java-25;6;14;0.524000;0.000169;301.082716854;610.695337186;309612.620332;309585.353309;605.453000;610.068000;0;0.000000;5;0.113000;4;0.258000;5;0.153000;0;0.000000;0;0.000000
neo4j-analytics;G1GC-Java-21;6;41;1885.946000;0.578765;301.686144939;627.576515312;325890.370373;325857.139465;303.443000;619.213000;1;11.306000;0;0.000000;0;0.000000;0;0.000000;1;52.497000;39;1822.143000
neo4j-analytics;G1GC-Java-25;6;39;1834.662000;0.551399;300.897543895;633.659275205;332761.731310;332728.414162;317.324000;627.366000;0;0.000000;0;0.000000;0;0.000000;0;0.000000;0;0.000000;39;1834.662000
neo4j-analytics;ZGC-Java-21;6;14;0.357000;0.000107;301.190760440;633.478272942;332287.512502;332255.886441;598.537000;624.488000;0;0.000000;5;0.097000;4;0.124000;5;0.136000;0;0.000000;0;0.000000
neo4j-analytics;ZGC-Java-25;6;15;0.364000;0.000109;300.082952917;632.940842088;332857.889171;332824.647110;594.984000;630.869000;0;0.000000;5;0.083000;4;0.148000;6;0.133000;0;0.000000;0;0.000000
page-rank;G1GC-Java-21;6;68;12558.241000;6.005925;303.065694259;619.274111678;316208.417419;209097.548463;533.703000;618.001000;1;13.330000;0;0.000000;0;0.000000;0;0.000000;1;88.091000;66;12456.820000
page-rank;G1GC-Java-25;6;68;13186.600000;6.335375;301.876130186;618.986142511;317110.012325;208142.365048;534.197000;618.027000;1;12.477000;0;0.000000;0;0.000000;0;0.000000;1;31.381000;66;13142.742000
page-rank;ZGC-Java-21;6;17;0.455000;0.000219;302.502214034;616.137266813;313635.052779;207527.707115;579.942000;609.430000;0;0.000000;6;0.115000;5;0.198000;6;0.142000;0;0.000000;0;0.000000
page-rank;ZGC-Java-25;6;13;0.409000;0.000199;303.001803938;615.420790076;312418.986138;205638.593174;567.917000;609.742000;0;0.000000;4;0.091000;4;0.165000;5;0.153000;0;0.000000;0;0.000000
par-mnemonics;G1GC-Java-21;6;49;2000.966000;0.728324;302.582717631;603.590462542;301007.744911;274735.849635;417.772000;601.951000;0;0.000000;0;0.000000;0;0.000000;0;0.000000;0;0.000000;49;2000.966000
par-mnemonics;G1GC-Java-25;6;41;1688.761000;0.616270;300.260474448;603.776848867;303516.374419;274029.185748;439.621000;601.639000;0;0.000000;0;0.000000;0;0.000000;0;0.000000;0;0.000000;41;1688.761000
par-mnemonics;ZGC-Java-21;6;14;0.298000;0.000108;302.885010667;605.010997666;302125.986999;276683.938603;586.042000;601.094000;0;0.000000;5;0.077000;4;0.108000;5;0.113000;0;0.000000;0;0.000000
par-mnemonics;ZGC-Java-25;6;14;0.366000;0.000131;301.404653276;605.026878214;303622.224938;279159.686877;589.877000;601.128000;0;0.000000;5;0.084000;4;0.136000;5;0.146000;0;0.000000;0;0.000000
philosophers;G1GC-Java-21;6;40;1726.443000;0.569987;300.722298426;603.634245091;302911.946665;302891.500068;385.689000;601.751000;0;0.000000;0;0.000000;0;0.000000;0;0.000000;0;0.000000;40;1726.443000
philosophers;G1GC-Java-25;6;43;1923.903000;0.634408;300.195204382;603.474462061;303279.257679;303259.770302;347.576000;601.093000;0;0.000000;0;0.000000;0;0.000000;0;0.000000;0;0.000000;43;1923.903000
philosophers;ZGC-Java-21;6;14;0.425000;0.000140;301.033179939;603.776809208;302743.629269;302720.089057;583.210000;599.418000;0;0.000000;5;0.085000;4;0.188000;5;0.152000;0;0.000000;0;0.000000
philosophers;ZGC-Java-25;6;12;0.375000;0.000124;301.071964192;603.127964767;302056.000575;302031.216660;579.524000;598.260000;0;0.000000;4;0.085000;3;0.135000;5;0.155000;0;0.000000;0;0.000000
reactors;G1GC-Java-21;6;19;1381.020000;0.445583;308.778048202;618.722140111;309944.091909;309935.741956;310.961000;612.159000;0;0.000000;0;0.000000;0;0.000000;0;0.000000;0;0.000000;19;1381.020000
reactors;G1GC-Java-25;6;16;1389.169000;0.438452;300.076894678;616.917915008;316841.020330;316834.755749;308.911000;597.786000;0;0.000000;0;0.000000;0;0.000000;0;0.000000;0;0.000000;16;1389.169000
reactors;ZGC-Java-21;6;23;0.583000;0.000190;308.451209518;615.532472983;307081.263465;307071.130744;542.250000;603.227000;0;0.000000;8;0.133000;7;0.287000;8;0.163000;0;0.000000;0;0.000000
reactors;ZGC-Java-25;6;23;0.646000;0.000209;303.197503736;612.410882474;309213.378738;309204.784006;534.622000;602.203000;0;0.000000;8;0.143000;7;0.308000;8;0.195000;0;0.000000;0;0.000000
rx-scrabble;G1GC-Java-21;6;39;1381.654000;0.474700;300.097093924;601.780611976;301683.518052;291058.090868;304.924000;598.465000;0;0.000000;0;0.000000;0;0.000000;0;0.000000;0;0.000000;39;1381.654000
rx-scrabble;G1GC-Java-25;6;41;1504.657000;0.517251;300.007635275;601.740519494;301732.884219;290894.894777;300.838000;599.980000;0;0.000000;0;0.000000;0;0.000000;0;0.000000;0;0.000000;41;1504.657000
rx-scrabble;ZGC-Java-21;6;17;0.341000;0.000118;300.061729088;601.945983018;301884.253930;288710.834085;569.843000;601.865000;0;0.000000;6;0.079000;5;0.146000;6;0.116000;0;0.000000;0;0.000000
rx-scrabble;ZGC-Java-25;6;17;0.392000;0.000136;300.045273009;602.049545462;302004.272453;288663.107972;566.653000;599.828000;0;0.000000;6;0.091000;4;0.141000;7;0.160000;0;0.000000;0;0.000000
scala-doku;G1GC-Java-21;1;2;191.258000;0.063408;302.243126029;603.892591303;301649.465274;301628.468270;346.748000;500.063000;0;0.000000;0;0.000000;0;0.000000;0;0.000000;0;0.000000;2;191.258000
scala-doku;G1GC-Java-25;2;3;288.337000;0.094879;300.433946264;604.356703445;303922.757181;303900.431548;316.382000;591.023000;0;0.000000;0;0.000000;0;0.000000;0;0.000000;0;0.000000;3;288.337000
scala-doku;ZGC-Java-21;6;60;1.926000;0.000633;302.472542913;606.855860307;304383.317394;304359.887714;322.332000;587.097000;0;0.000000;24;0.466000;12;0.775000;24;0.685000;0;0.000000;0;0.000000
scala-doku;ZGC-Java-25;6;80;2.788000;0.000923;302.118123740;604.194377944;302076.254204;302050.840054;304.529000;587.894000;0;0.000000;32;0.692000;16;1.071000;32;1.025000;0;0.000000;0;0.000000
scala-kmeans;G1GC-Java-21;2;5;333.332000;0.110722;300.075460272;601.236127540;301160.667268;301052.043197;305.052000;570.959000;0;0.000000;0;0.000000;0;0.000000;0;0.000000;0;0.000000;5;333.332000
scala-kmeans;G1GC-Java-25;2;4;257.941000;0.085628;300.089019812;601.424848074;301335.828262;301234.064917;363.704000;563.878000;0;0.000000;0;0.000000;0;0.000000;0;0.000000;0;0.000000;4;257.941000
scala-kmeans;ZGC-Java-21;6;30;0.879000;0.000292;300.181264814;601.391064050;301209.799236;301104.518384;528.890000;595.064000;0;0.000000;12;0.198000;6;0.241000;12;0.440000;0;0.000000;0;0.000000
scala-kmeans;ZGC-Java-25;6;115;3.273000;0.001086;300.182442459;601.534430282;301351.987823;301242.528523;391.605000;596.577000;0;0.000000;46;0.807000;23;1.119000;46;1.347000;0;0.000000;0;0.000000
scala-stm-bench7;G1GC-Java-21;6;94;17841.158000;5.908878;300.124147552;602.080036480;301955.888928;301938.152174;495.452000;601.929000;1;11.118000;0;0.000000;0;0.000000;0;0.000000;1;91.567000;92;17738.473000
scala-stm-bench7;G1GC-Java-25;6;87;15542.042000;5.149553;300.608185748;602.439629105;301831.443357;301813.396593;515.562000;602.171000;2;16.994000;0;0.000000;0;0.000000;0;0.000000;2;50.429000;83;15474.619000
scala-stm-bench7;ZGC-Java-21;6;39;1.089000;0.000361;301.242523900;602.977711297;301735.187397;301714.187977;517.710000;597.697000;0;0.000000;14;0.282000;11;0.422000;14;0.385000;0;0.000000;0;0.000000
scala-stm-bench7;ZGC-Java-25;6;44;1.414000;0.000468;300.572599417;602.936319845;302363.720428;302343.652112;525.347000;602.920000;0;0.000000;16;0.343000;12;0.582000;16;0.489000;0;0.000000;0;0.000000
scrabble;G1GC-Java-21;6;46;2336.901000;0.774136;300.002768201;601.978785961;301976.017760;301872.086850;528.713000;600.566000;0;0.000000;0;0.000000;0;0.000000;0;0.000000;0;0.000000;46;2336.901000
scrabble;G1GC-Java-25;6;45;2525.422000;0.836531;300.177421453;602.175846369;301998.424916;301892.117287;532.611000;601.975000;0;0.000000;0;0.000000;0;0.000000;0;0.000000;0;0.000000;45;2525.422000
scrabble;ZGC-Java-21;6;18;0.510000;0.000169;300.218853983;602.409240140;302190.386157;302037.553584;596.339000;602.081000;0;0.000000;6;0.119000;6;0.260000;6;0.131000;0;0.000000;0;0.000000
scrabble;ZGC-Java-25;6;24;0.811000;0.000268;300.146104701;602.572242847;302426.138146;302287.834743;595.084000;602.532000;0;0.000000;8;0.180000;8;0.435000;8;0.196000;0;0.000000;0;0.000000
;;;;;;;;;;;;;;;;;;;;;;;
;;;;;;;;;;;;;;;;;;;;;;;
;;;;;;;;;;;;;;;;;;;;;;;
;;;;;;;;;;;;;;;;;;;;;;;
;;;;;;;;;;;;;;;;;;;;;;;
;;;;;;;;;;;;;;;;;;;;;;;
benchmark;environment;stw_pause_count;total_stw_ms;stw_overhead_percent;;;;;;;;;;;;;;;;;;;
akka-uct;G1GC-Java-21;41;5177.575000;1.668715;;;;;;;;;;;;;;;;;;;
akka-uct;G1GC-Java-25;40;5124.295000;1.688350;;;;;;;;;;;;;;;;;;;
akka-uct;ZGC-Java-21;27;0.774000;0.000247;;;;;;;;;;;;;;;;;;;
akka-uct;ZGC-Java-25;32;1.010000;0.000319;;;;;;;;;;;;;;;;;;;
als;G1GC-Java-21;41;2263.569000;0.735930;;;;;;;;;;;;;;;;;;;
als;G1GC-Java-25;26;2280.829000;0.740026;;;;;;;;;;;;;;;;;;;
als;ZGC-Java-21;14;0.328000;0.000107;;;;;;;;;;;;;;;;;;;
als;ZGC-Java-25;20;0.520000;0.000171;;;;;;;;;;;;;;;;;;;
chi-square;G1GC-Java-21;39;1906.774000;0.617298;;;;;;;;;;;;;;;;;;;
chi-square;G1GC-Java-25;34;1800.417000;0.582801;;;;;;;;;;;;;;;;;;;
chi-square;ZGC-Java-21;9;0.177000;0.000057;;;;;;;;;;;;;;;;;;;
chi-square;ZGC-Java-25;9;0.217000;0.000070;;;;;;;;;;;;;;;;;;;
db-shootout;G1GC-Java-21;39;1958.460000;0.609648;;;;;;;;;;;;;;;;;;;
db-shootout;G1GC-Java-25;37;1860.941000;0.591274;;;;;;;;;;;;;;;;;;;
db-shootout;ZGC-Java-21;24;0.646000;0.000202;;;;;;;;;;;;;;;;;;;
db-shootout;ZGC-Java-25;17;0.618000;0.000196;;;;;;;;;;;;;;;;;;;
dec-tree;G1GC-Java-21;32;2010.939000;0.649964;;;;;;;;;;;;;;;;;;;
dec-tree;G1GC-Java-25;32;2064.135000;0.669298;;;;;;;;;;;;;;;;;;;
dec-tree;ZGC-Java-21;11;0.232000;0.000075;;;;;;;;;;;;;;;;;;;
dec-tree;ZGC-Java-25;8;0.167000;0.000054;;;;;;;;;;;;;;;;;;;
dotty;G1GC-Java-21;4;989.352000;0.602012;;;;;;;;;;;;;;;;;;;
dotty;G1GC-Java-25;4;3087.956000;1.889113;;;;;;;;;;;;;;;;;;;
dotty;ZGC-Java-21;19;0.472000;0.000274;;;;;;;;;;;;;;;;;;;
dotty;ZGC-Java-25;15;0.437000;0.000254;;;;;;;;;;;;;;;;;;;
finagle-chirper;G1GC-Java-21;21;1175.529000;0.386183;;;;;;;;;;;;;;;;;;;
finagle-chirper;G1GC-Java-25;18;1021.972000;0.334031;;;;;;;;;;;;;;;;;;;
finagle-chirper;ZGC-Java-21;11;0.318000;0.000104;;;;;;;;;;;;;;;;;;;
finagle-chirper;ZGC-Java-25;11;0.346000;0.000113;;;;;;;;;;;;;;;;;;;
finagle-http;G1GC-Java-21;29;1480.207000;0.478671;;;;;;;;;;;;;;;;;;;
finagle-http;G1GC-Java-25;26;1314.734000;0.428100;;;;;;;;;;;;;;;;;;;
finagle-http;ZGC-Java-21;17;0.496000;0.000161;;;;;;;;;;;;;;;;;;;
finagle-http;ZGC-Java-25;11;0.400000;0.000131;;;;;;;;;;;;;;;;;;;
fj-kmeans;G1GC-Java-21;41;2041.998000;0.673089;;;;;;;;;;;;;;;;;;;
fj-kmeans;G1GC-Java-25;38;1896.210000;0.626709;;;;;;;;;;;;;;;;;;;
fj-kmeans;ZGC-Java-21;15;0.419000;0.000136;;;;;;;;;;;;;;;;;;;
fj-kmeans;ZGC-Java-25;18;0.549000;0.000180;;;;;;;;;;;;;;;;;;;
future-genetic;G1GC-Java-21;22;807.108000;0.267076;;;;;;;;;;;;;;;;;;;
future-genetic;G1GC-Java-25;23;932.401000;0.308005;;;;;;;;;;;;;;;;;;;
future-genetic;ZGC-Java-21;30;0.855000;0.000282;;;;;;;;;;;;;;;;;;;
future-genetic;ZGC-Java-25;30;0.829000;0.000273;;;;;;;;;;;;;;;;;;;
gauss-mix;G1GC-Java-21;26;1773.022000;0.566901;;;;;;;;;;;;;;;;;;;
gauss-mix;G1GC-Java-25;23;1547.218000;0.486548;;;;;;;;;;;;;;;;;;;
gauss-mix;ZGC-Java-21;8;0.134000;0.000043;;;;;;;;;;;;;;;;;;;
gauss-mix;ZGC-Java-25;8;0.175000;0.000055;;;;;;;;;;;;;;;;;;;
log-regression;G1GC-Java-21;28;2127.932000;0.688038;;;;;;;;;;;;;;;;;;;
log-regression;G1GC-Java-25;20;1608.544000;0.519949;;;;;;;;;;;;;;;;;;;
log-regression;ZGC-Java-21;15;0.341000;0.000110;;;;;;;;;;;;;;;;;;;
log-regression;ZGC-Java-25;0;0.000000;0.000000;;;;;;;;;;;;;;;;;;;
mnemonics;G1GC-Java-21;44;1777.231000;0.630523;;;;;;;;;;;;;;;;;;;
mnemonics;G1GC-Java-25;44;1767.904000;0.630585;;;;;;;;;;;;;;;;;;;
mnemonics;ZGC-Java-21;19;0.481000;0.000171;;;;;;;;;;;;;;;;;;;
mnemonics;ZGC-Java-25;24;0.567000;0.000200;;;;;;;;;;;;;;;;;;;
movie-lens;G1GC-Java-21;34;1963.426000;0.592903;;;;;;;;;;;;;;;;;;;
movie-lens;G1GC-Java-25;32;1650.026000;0.504502;;;;;;;;;;;;;;;;;;;
movie-lens;ZGC-Java-21;20;0.424000;0.000131;;;;;;;;;;;;;;;;;;;
movie-lens;ZGC-Java-25;17;0.482000;0.000147;;;;;;;;;;;;;;;;;;;
naive-bayes;G1GC-Java-21;37;2475.140000;0.796207;;;;;;;;;;;;;;;;;;;
naive-bayes;G1GC-Java-25;37;2518.474000;0.813233;;;;;;;;;;;;;;;;;;;
naive-bayes;ZGC-Java-21;20;0.573000;0.000184;;;;;;;;;;;;;;;;;;;
naive-bayes;ZGC-Java-25;14;0.524000;0.000169;;;;;;;;;;;;;;;;;;;
neo4j-analytics;G1GC-Java-21;41;1885.946000;0.578765;;;;;;;;;;;;;;;;;;;
neo4j-analytics;G1GC-Java-25;39;1834.662000;0.551399;;;;;;;;;;;;;;;;;;;
neo4j-analytics;ZGC-Java-21;14;0.357000;0.000107;;;;;;;;;;;;;;;;;;;
neo4j-analytics;ZGC-Java-25;15;0.364000;0.000109;;;;;;;;;;;;;;;;;;;
page-rank;G1GC-Java-21;68;12558.241000;6.005925;;;;;;;;;;;;;;;;;;;
page-rank;G1GC-Java-25;68;13186.600000;6.335375;;;;;;;;;;;;;;;;;;;
page-rank;ZGC-Java-21;17;0.455000;0.000219;;;;;;;;;;;;;;;;;;;
page-rank;ZGC-Java-25;13;0.409000;0.000199;;;;;;;;;;;;;;;;;;;
par-mnemonics;G1GC-Java-21;49;2000.966000;0.728324;;;;;;;;;;;;;;;;;;;
par-mnemonics;G1GC-Java-25;41;1688.761000;0.616270;;;;;;;;;;;;;;;;;;;
par-mnemonics;ZGC-Java-21;14;0.298000;0.000108;;;;;;;;;;;;;;;;;;;
par-mnemonics;ZGC-Java-25;14;0.366000;0.000131;;;;;;;;;;;;;;;;;;;
philosophers;G1GC-Java-21;40;1726.443000;0.569987;;;;;;;;;;;;;;;;;;;
philosophers;G1GC-Java-25;43;1923.903000;0.634408;;;;;;;;;;;;;;;;;;;
philosophers;ZGC-Java-21;14;0.425000;0.000140;;;;;;;;;;;;;;;;;;;
philosophers;ZGC-Java-25;12;0.375000;0.000124;;;;;;;;;;;;;;;;;;;
reactors;G1GC-Java-21;19;1381.020000;0.445583;;;;;;;;;;;;;;;;;;;
reactors;G1GC-Java-25;16;1389.169000;0.438452;;;;;;;;;;;;;;;;;;;
reactors;ZGC-Java-21;23;0.583000;0.000190;;;;;;;;;;;;;;;;;;;
reactors;ZGC-Java-25;23;0.646000;0.000209;;;;;;;;;;;;;;;;;;;
rx-scrabble;G1GC-Java-21;39;1381.654000;0.474700;;;;;;;;;;;;;;;;;;;
rx-scrabble;G1GC-Java-25;41;1504.657000;0.517251;;;;;;;;;;;;;;;;;;;
rx-scrabble;ZGC-Java-21;17;0.341000;0.000118;;;;;;;;;;;;;;;;;;;
rx-scrabble;ZGC-Java-25;17;0.392000;0.000136;;;;;;;;;;;;;;;;;;;
scala-doku;G1GC-Java-21;2;191.258000;0.063408;;;;;;;;;;;;;;;;;;;
scala-doku;G1GC-Java-25;3;288.337000;0.094879;;;;;;;;;;;;;;;;;;;
scala-doku;ZGC-Java-21;60;1.926000;0.000633;;;;;;;;;;;;;;;;;;;
scala-doku;ZGC-Java-25;80;2.788000;0.000923;;;;;;;;;;;;;;;;;;;
scala-kmeans;G1GC-Java-21;5;333.332000;0.110722;;;;;;;;;;;;;;;;;;;
scala-kmeans;G1GC-Java-25;4;257.941000;0.085628;;;;;;;;;;;;;;;;;;;
scala-kmeans;ZGC-Java-21;30;0.879000;0.000292;;;;;;;;;;;;;;;;;;;
scala-kmeans;ZGC-Java-25;115;3.273000;0.001086;;;;;;;;;;;;;;;;;;;
scala-stm-bench7;G1GC-Java-21;94;17841.158000;5.908878;;;;;;;;;;;;;;;;;;;
scala-stm-bench7;G1GC-Java-25;87;15542.042000;5.149553;;;;;;;;;;;;;;;;;;;
scala-stm-bench7;ZGC-Java-21;39;1.089000;0.000361;;;;;;;;;;;;;;;;;;;
scala-stm-bench7;ZGC-Java-25;44;1.414000;0.000468;;;;;;;;;;;;;;;;;;;
scrabble;G1GC-Java-21;46;2336.901000;0.774136;;;;;;;;;;;;;;;;;;;
scrabble;G1GC-Java-25;45;2525.422000;0.836531;;;;;;;;;;;;;;;;;;;
scrabble;ZGC-Java-21;18;0.510000;0.000169;;;;;;;;;;;;;;;;;;;
scrabble;ZGC-Java-25;24;0.811000;0.000268;;;;;;;;;;;;;;;;;;;
